{
  "anchors": {
    "AAA1": [
      107.13607971835845,
      240.10714834044413,
      0.0
    ],
    "AAA2": [
      237.38303636537137,
      74.87747498150327,
      0.0
    ],
    "AAA3": [
      91.65104466670621,
      82.12218339533621,
      0.0
    ],
    "AAA4": [
      237.38303636537137,
      74.87747498150327,
      0.0
    ],
    "AAA5": [
      83.35661107592679,
      506.8605297527676,
      0.0
    ],
    "AAA6": [
      229.08860277459195,
      499.61582133893467,
      0.0
    ],
    "AAA7": [
      107.13607971835845,
      240.10714834044413,
      0.0
    ]
  }
}